observation_id,taxon_id,species_name,scientific_name,common_name,taxon_rank,latitude,longitude,observed_on,quality_grade,observer,observation_url,photo_url,created_at,updated_at,source,zone,zone_status
391717923,47122,Fabaceae,Fabaceae,Legumes,family,18.519406,73.7791569722,2026-08-15,needs_id,bhagwatn,https://www.inaturalist.org/observations/391717923,https://inaturalist-open-data.s3.amazonaws.com/photos/717799265/square.jpg,2026-08-16T18:10:59+05:30,2026-08-16T19:14:13+05:30,iNaturalist,,OUTSIDE_ACTIVE_ZONES
391717115,348466,Operculina turpethum,Operculina turpethum,Turpeth,species,18.518896,73.779735,2026-08-15,needs_id,bhagwatn,https://www.inaturalist.org/observations/391717115,https://inaturalist-open-data.s3.amazonaws.com/photos/717797634/square.jpg,2026-08-16T18:07:18+05:30,2026-08-16T18:07:36+05:30,iNaturalist,,OUTSIDE_ACTIVE_ZONES
391408606,131576,Desmodium tortuosum,Desmodium tortuosum,Florida beggarweed,species,18.5184385997,73.7802123,2026-08-15,needs_id,bhagwatn,https://www.inaturalist.org/observations/391408606,https://inaturalist-open-data.s3.amazonaws.com/photos/717191770/square.jpg,2026-08-15T19:25:04+05:30,2026-08-15T19:26:06+05:30,iNaturalist,ZONE A,ACTIVE_ZONE
390250497,203868,Chiasmia emersaria,Chiasmia emersaria,Chiasmia emersaria,species,18.5185248615,73.7808776902,2025-09-07,needs_id,manali_rane,https://www.inaturalist.org/observations/390250497,https://static.inaturalist.org/photos/714932305/square.jpg,2026-08-11T16:46:11+05:30,2026-08-11T16:46:11+05:30,iNaturalist,,OUTSIDE_ACTIVE_ZONES
390250496,326318,Pareronia hippia,Pareronia hippia,Indian Wanderer,species,18.5182168384,73.781144869,2025-09-07,research,manali_rane,https://www.inaturalist.org/observations/390250496,https://static.inaturalist.org/photos/714932220/square.jpg,2026-08-11T16:46:11+05:30,2026-08-12T20:01:36+05:30,iNaturalist,,OUTSIDE_ACTIVE_ZONES
390250495,521214,Megymenum,Megymenum,Megymenum,genus,18.5190869374,73.7804873141,2025-09-07,needs_id,manali_rane,https://www.inaturalist.org/observations/390250495,https://static.inaturalist.org/photos/714932131/square.jpg,2026-08-11T16:46:11+05:30,2026-08-11T16:46:11+05:30,iNaturalist,,OUTSIDE_ACTIVE_ZONES
390250493,160705,Cleome rutidosperma,Cleome rutidosperma,Purple Cleome,species,18.5186789312,73.7806903856,2025-08-31,needs_id,manali_rane,https://www.inaturalist.org/observations/390250493,https://static.inaturalist.org/photos/714932049/square.jpg,2026-08-11T16:46:10+05:30,2026-08-11T16:46:10+05:30,iNaturalist,,OUTSIDE_ACTIVE_ZONES
382816809,371396,Terminalia mantaly,Terminalia mantaly,Madagascar almond,species,18.51811615,73.78025151,2026-06-14,needs_id,aayushi2307,https://www.inaturalist.org/observations/382816809,https://static.inaturalist.org/photos/700601258/square.jpg,2026-07-19T09:17:15+05:30,2026-07-19T09:23:47+05:30,iNaturalist,,OUTSIDE_ACTIVE_ZONES
382816596,,,,,,18.51826773,73.78028981,2026-06-14,needs_id,aayushi2307,https://www.inaturalist.org/observations/382816596,https://static.inaturalist.org/photos/700603521/square.jpg,2026-07-19T09:16:30+05:30,2026-07-19T09:23:32+05:30,iNaturalist,,OUTSIDE_ACTIVE_ZONES
382816201,,,,,,18.51828155,73.78029589,2026-06-14,needs_id,aayushi2307,https://www.inaturalist.org/observations/382816201,https://static.inaturalist.org/photos/700603470/square.jpg,2026-07-19T09:15:16+05:30,2026-07-19T09:23:25+05:30,iNaturalist,,OUTSIDE_ACTIVE_ZONES
382815930,319135,Azadirachta indica,Azadirachta indica,Neem,species,18.51832364,73.78027648,2026-06-14,needs_id,aayushi2307,https://www.inaturalist.org/observations/382815930,https://static.inaturalist.org/photos/700603425/square.jpg,2026-07-19T09:14:07+05:30,2026-07-19T09:23:18+05:30,iNaturalist,ZONE A,ACTIVE_ZONE
382815913,,,,,,18.51820867,73.78024216,2026-06-14,casual,aayushi2307,https://www.inaturalist.org/observations/382815913,,2026-07-19T09:14:03+05:30,2026-07-19T09:14:03+05:30,iNaturalist,,OUTSIDE_ACTIVE_ZONES
382815588,1156480,Piliostigma malabaricum,Piliostigma malabaricum,Piliostigma malabaricum,species,18.51834503,73.78027931,2026-06-14,needs_id,aayushi2307,https://www.inaturalist.org/observations/382815588,https://static.inaturalist.org/photos/700603384/square.jpg,2026-07-19T09:12:36+05:30,2026-07-19T09:23:10+05:30,iNaturalist,ZONE A,ACTIVE_ZONE
382815365,319135,Azadirachta indica,Azadirachta indica,Neem,species,18.5183527,73.78016987,2026-06-14,research,aayushi2307,https://www.inaturalist.org/observations/382815365,https://static.inaturalist.org/photos/700602541/square.jpg,2026-07-19T09:11:27+05:30,2026-07-19T09:26:03+05:30,iNaturalist,,OUTSIDE_ACTIVE_ZONES
382815109,537701,Terminalia elliptica,Terminalia elliptica,Indian Laurel,species,18.51877097,73.78008142,2026-06-14,needs_id,aayushi2307,https://www.inaturalist.org/observations/382815109,https://static.inaturalist.org/photos/700602416/square.jpg,2026-07-19T09:10:19+05:30,2026-07-19T09:20:41+05:30,iNaturalist,ZONE B,ACTIVE_ZONE
382814985,53724,Meliaceae,Meliaceae,mahogany family,family,18.51875202,73.77997658,2026-06-14,needs_id,aayushi2307,https://www.inaturalist.org/observations/382814985,https://static.inaturalist.org/photos/700597801/square.jpg,2026-07-19T09:09:42+05:30,2026-07-19T09:27:12+05:30,iNaturalist,ZONE B,ACTIVE_ZONE
382814978,,,,,,18.51876048,73.77997313,2026-06-14,casual,aayushi2307,https://www.inaturalist.org/observations/382814978,,2026-07-19T09:09:40+05:30,2026-07-26T16:11:56+05:30,iNaturalist,ZONE B,ACTIVE_ZONE
382814773,47124,Magnoliopsida,Magnoliopsida,Dicots,class,18.51875871,73.77994052,2026-06-14,needs_id,aayushi2307,https://www.inaturalist.org/observations/382814773,https://static.inaturalist.org/photos/700597516/square.jpg,2026-07-19T09:08:56+05:30,2026-07-19T09:27:27+05:30,iNaturalist,ZONE B,ACTIVE_ZONE
382814540,537701,Terminalia elliptica,Terminalia elliptica,Indian Laurel,species,18.51875682,73.7799528,2026-06-14,needs_id,aayushi2307,https://www.inaturalist.org/observations/382814540,https://static.inaturalist.org/photos/700602263/square.jpg,2026-07-19T09:08:13+05:30,2026-07-19T09:20:21+05:30,iNaturalist,ZONE B,ACTIVE_ZONE
382814276,47124,Magnoliopsida,Magnoliopsida,Dicots,class,18.51873612,73.77980105,2026-06-14,needs_id,aayushi2307,https://www.inaturalist.org/observations/382814276,https://static.inaturalist.org/photos/700602077/square.jpg,2026-07-19T09:07:03+05:30,2026-07-19T09:27:46+05:30,iNaturalist,,OUTSIDE_ACTIVE_ZONES
382238584,473550,Dichaetomyia,Dichaetomyia,Dichaetomyia,genus,18.5186638889,73.7803277778,2026-07-17,needs_id,dhruvapunde,https://www.inaturalist.org/observations/382238584,https://inaturalist-open-data.s3.amazonaws.com/photos/699493569/square.jpg,2026-07-17T16:34:23+05:30,2026-07-17T16:34:57+05:30,iNaturalist,ZONE A,ACTIVE_ZONE
381917285,67574,Calotropis gigantea,Calotropis gigantea,crown flower,species,18.518229,73.780691,2026-04-24,research,anoop58350,https://www.inaturalist.org/observations/381917285,https://inaturalist-open-data.s3.amazonaws.com/photos/698876100/square.jpg,2026-07-16T13:43:32+05:30,2026-07-17T19:32:11+05:30,iNaturalist,,OUTSIDE_ACTIVE_ZONES
376510874,68666,Phyllanthus emblica,Phyllanthus emblica,Myrobalan,species,18.5187766667,73.7802766667,2026-06-29,needs_id,laranya1,https://www.inaturalist.org/observations/376510874,https://inaturalist-open-data.s3.amazonaws.com/photos/688415845/square.jpg,2026-06-29T17:21:04+05:30,2026-06-29T17:48:18+05:30,iNaturalist,ZONE A,ACTIVE_ZONE
376508934,62809,Ceiba pentandra,Ceiba pentandra,Kapok Tree,species,18.5190233333,73.7798533333,2026-06-29,needs_id,laranya1,https://www.inaturalist.org/observations/376508934,https://inaturalist-open-data.s3.amazonaws.com/photos/688411964/square.jpg,2026-06-29T17:12:01+05:30,2026-06-29T17:12:07+05:30,iNaturalist,ZONE C,ACTIVE_ZONE
376508767,48872,Mangifera indica,Mangifera indica,Indian mango,species,18.51907,73.7798466667,2026-06-29,research,laranya1,https://www.inaturalist.org/observations/376508767,https://inaturalist-open-data.s3.amazonaws.com/photos/688411652/square.jpg,2026-06-29T17:11:12+05:30,2026-06-29T19:41:16+05:30,iNaturalist,ZONE C,ACTIVE_ZONE
376508671,48872,Mangifera indica,Mangifera indica,Indian mango,species,18.51912,73.779825,2026-06-29,research,laranya1,https://www.inaturalist.org/observations/376508671,https://inaturalist-open-data.s3.amazonaws.com/photos/688411496/square.jpg,2026-06-29T17:10:43+05:30,2026-06-29T19:41:20+05:30,iNaturalist,ZONE C,ACTIVE_ZONE
376508571,48872,Mangifera indica,Mangifera indica,Indian mango,species,18.5190183333,73.7797566667,2026-06-29,research,laranya1,https://www.inaturalist.org/observations/376508571,https://inaturalist-open-data.s3.amazonaws.com/photos/688411232/square.jpg,2026-06-29T17:09:56+05:30,2026-06-29T19:41:22+05:30,iNaturalist,,OUTSIDE_ACTIVE_ZONES
376507616,62809,Ceiba pentandra,Ceiba pentandra,Kapok Tree,species,18.5188083333,73.7802083333,2026-06-29,needs_id,laranya1,https://www.inaturalist.org/observations/376507616,https://inaturalist-open-data.s3.amazonaws.com/photos/688409056/square.jpg,2026-06-29T17:04:06+05:30,2026-06-29T17:04:14+05:30,iNaturalist,ZONE B,ACTIVE_ZONE
376507153,464765,Terminalia arjuna,Terminalia arjuna,Arjun tree,species,18.5186416667,73.780065,2026-06-29,research,laranya1,https://www.inaturalist.org/observations/376507153,https://inaturalist-open-data.s3.amazonaws.com/photos/688408392/square.jpg,2026-06-29T17:02:08+05:30,2026-08-26T14:47:09+05:30,iNaturalist,ZONE A,ACTIVE_ZONE
376506897,82768,Thespesia populnea,Thespesia populnea,Indian tulip tree,species,18.5186966667,73.7800866667,2026-06-29,casual,laranya1,https://www.inaturalist.org/observations/376506897,https://inaturalist-open-data.s3.amazonaws.com/photos/688407878/square.jpg,2026-06-29T17:00:39+05:30,2026-06-29T17:00:46+05:30,iNaturalist,ZONE B,ACTIVE_ZONE
376506609,325928,Aegle marmelos,Aegle marmelos,bengal quince,species,18.5186483333,73.7801733333,2026-06-29,needs_id,laranya1,https://www.inaturalist.org/observations/376506609,https://inaturalist-open-data.s3.amazonaws.com/photos/688407320/square.jpg,2026-06-29T16:58:43+05:30,2026-06-29T16:58:49+05:30,iNaturalist,ZONE A,ACTIVE_ZONE
376506408,48797,Malvaceae,Malvaceae,Mallow and Hibiscus Family,family,18.5186033333,73.780185,2026-06-29,needs_id,laranya1,https://www.inaturalist.org/observations/376506408,https://inaturalist-open-data.s3.amazonaws.com/photos/688407050/square.jpg,2026-06-29T16:57:52+05:30,2026-08-15T14:53:21+05:30,iNaturalist,ZONE A,ACTIVE_ZONE
376506273,68226,Bauhinia,Bauhinia,Orchid Trees,genus,18.5186116667,73.7802,2026-06-29,casual,laranya1,https://www.inaturalist.org/observations/376506273,,2026-06-29T16:57:00+05:30,2026-06-29T16:57:00+05:30,iNaturalist,ZONE A,ACTIVE_ZONE
376506051,68225,Bauhinia variegata,Bauhinia variegata,Orchid tree,species,18.5185833333,73.7801433333,2026-06-29,needs_id,laranya1,https://www.inaturalist.org/observations/376506051,https://inaturalist-open-data.s3.amazonaws.com/photos/688406463/square.jpg,2026-06-29T16:55:53+05:30,2026-06-29T16:56:00+05:30,iNaturalist,ZONE A,ACTIVE_ZONE
376505732,82768,Thespesia populnea,Thespesia populnea,Indian tulip tree,species,18.5185383333,73.7801566667,2026-06-29,casual,laranya1,https://www.inaturalist.org/observations/376505732,https://inaturalist-open-data.s3.amazonaws.com/photos/688405841/square.jpg,2026-06-29T16:54:16+05:30,2026-06-29T16:54:23+05:30,iNaturalist,ZONE A,ACTIVE_ZONE
376505604,82768,Thespesia populnea,Thespesia populnea,Indian tulip tree,species,18.5185716667,73.7801566667,2026-06-29,casual,laranya1,https://www.inaturalist.org/observations/376505604,https://inaturalist-open-data.s3.amazonaws.com/photos/688405622/square.jpg,2026-06-29T16:53:38+05:30,2026-06-29T16:53:45+05:30,iNaturalist,ZONE A,ACTIVE_ZONE
376505392,127514,Ficus religiosa,Ficus religiosa,Sacred fig,species,18.5185633333,73.7801566667,2026-06-29,research,laranya1,https://www.inaturalist.org/observations/376505392,https://inaturalist-open-data.s3.amazonaws.com/photos/688405256/square.jpg,2026-06-29T16:52:32+05:30,2026-06-29T19:35:10+05:30,iNaturalist,ZONE A,ACTIVE_ZONE
376505242,62839,Delonix regia,Delonix regia,Flamboyant,species,18.518625,73.7801416667,2026-06-29,needs_id,laranya1,https://www.inaturalist.org/observations/376505242,https://inaturalist-open-data.s3.amazonaws.com/photos/688404881/square.jpg,2026-06-29T16:51:28+05:30,2026-06-29T16:51:36+05:30,iNaturalist,ZONE A,ACTIVE_ZONE
376504617,82768,Thespesia populnea,Thespesia populnea,Indian tulip tree,species,18.518575,73.7802716667,2026-06-29,casual,laranya1,https://www.inaturalist.org/observations/376504617,https://inaturalist-open-data.s3.amazonaws.com/photos/688403617/square.jpg,2026-06-29T16:47:39+05:30,2026-06-29T16:47:47+05:30,iNaturalist,ZONE A,ACTIVE_ZONE
376502468,68226,Bauhinia,Bauhinia,Orchid Trees,genus,18.518645,73.780325,2026-06-29,needs_id,laranya1,https://www.inaturalist.org/observations/376502468,https://inaturalist-open-data.s3.amazonaws.com/photos/688399337/square.jpg,2026-06-29T16:34:33+05:30,2026-06-29T16:34:40+05:30,iNaturalist,ZONE A,ACTIVE_ZONE
376502271,68313,Bombax ceiba,Bombax ceiba,Red Silk Cotton Tree,species,18.5185816667,73.7802433333,2026-06-29,needs_id,laranya1,https://www.inaturalist.org/observations/376502271,https://inaturalist-open-data.s3.amazonaws.com/photos/688398801/square.jpg,2026-06-29T16:32:51+05:30,2026-06-29T16:32:57+05:30,iNaturalist,ZONE A,ACTIVE_ZONE
376502189,1609449,Pongamia pinnata,Pongamia pinnata,Indian beech tree,species,18.518585,73.7802116667,2026-06-29,needs_id,laranya1,https://www.inaturalist.org/observations/376502189,https://inaturalist-open-data.s3.amazonaws.com/photos/688398553/square.jpg,2026-06-29T16:32:09+05:30,2026-06-29T16:32:15+05:30,iNaturalist,ZONE A,ACTIVE_ZONE
376502073,68313,Bombax ceiba,Bombax ceiba,Red Silk Cotton Tree,species,18.5186116667,73.7801433333,2026-06-29,needs_id,laranya1,https://www.inaturalist.org/observations/376502073,https://inaturalist-open-data.s3.amazonaws.com/photos/688398292/square.jpg,2026-06-29T16:31:25+05:30,2026-06-29T16:31:32+05:30,iNaturalist,ZONE A,ACTIVE_ZONE
376501235,319135,Azadirachta indica,Azadirachta indica,Neem,species,18.5186033333,73.7801533333,2026-06-29,research,laranya1,https://www.inaturalist.org/observations/376501235,https://inaturalist-open-data.s3.amazonaws.com/photos/688396649/square.jpg,2026-06-29T16:26:36+05:30,2026-06-29T19:35:23+05:30,iNaturalist,ZONE A,ACTIVE_ZONE
376099060,127514,Ficus religiosa,Ficus religiosa,Sacred fig,species,18.5186297039,73.7804048136,2026-06-28,research,nimisa,https://www.inaturalist.org/observations/376099060,https://inaturalist-open-data.s3.amazonaws.com/photos/687627042/square.jpg,2026-06-28T12:08:17+05:30,2026-06-28T19:45:46+05:30,iNaturalist,ZONE A,ACTIVE_ZONE
373809398,169518,Syzygium cumini,Syzygium cumini,Java plum,species,18.519291921,73.7799327448,,casual,ishan52898,https://www.inaturalist.org/observations/373809398,https://inaturalist-open-data.s3.amazonaws.com/photos/683185796/square.jpg,2026-06-21T09:27:06+05:30,2026-06-21T18:58:27+05:30,iNaturalist,ZONE C,ACTIVE_ZONE
373809059,127514,Ficus religiosa,Ficus religiosa,Sacred fig,species,18.5192188007,73.7799605727,2026-06-21,research,ishan52898,https://www.inaturalist.org/observations/373809059,https://inaturalist-open-data.s3.amazonaws.com/photos/683185197/square.jpg,2026-06-21T09:25:27+05:30,2026-06-21T11:52:40+05:30,iNaturalist,ZONE C,ACTIVE_ZONE
373807201,319135,Azadirachta indica,Azadirachta indica,Neem,species,18.5183356317,73.7806133553,2026-06-21,research,nimisa,https://www.inaturalist.org/observations/373807201,https://inaturalist-open-data.s3.amazonaws.com/photos/683181978/square.jpg,2026-06-21T09:17:12+05:30,2026-06-21T11:52:42+05:30,iNaturalist,,OUTSIDE_ACTIVE_ZONES
373807085,319135,Azadirachta indica,Azadirachta indica,Neem,species,18.5183861804,73.7806022912,2026-06-21,research,nimisa,https://www.inaturalist.org/observations/373807085,https://inaturalist-open-data.s3.amazonaws.com/photos/683181813/square.jpg,2026-06-21T09:16:47+05:30,2026-06-21T11:52:43+05:30,iNaturalist,,OUTSIDE_ACTIVE_ZONES
373806797,319135,Azadirachta indica,Azadirachta indica,Neem,species,18.5183016147,73.7806180492,2026-06-21,research,nimisa,https://www.inaturalist.org/observations/373806797,https://inaturalist-open-data.s3.amazonaws.com/photos/683181439/square.jpg,2026-06-21T09:15:33+05:30,2026-06-21T11:52:45+05:30,iNaturalist,,OUTSIDE_ACTIVE_ZONES
373806648,273713,Euphorbia tithymaloides,Euphorbia tithymaloides,Devil's Backbone,species,18.518888805,73.7804604694,2026-06-21,needs_id,ishan52898,https://www.inaturalist.org/observations/373806648,https://inaturalist-open-data.s3.amazonaws.com/photos/683180897/square.jpg,2026-06-21T09:14:39+05:30,2026-06-21T09:14:55+05:30,iNaturalist,,OUTSIDE_ACTIVE_ZONES
373806593,319135,Azadirachta indica,Azadirachta indica,Neem,species,18.5183899954,73.7806230783,2026-06-21,research,nimisa,https://www.inaturalist.org/observations/373806593,https://inaturalist-open-data.s3.amazonaws.com/photos/683180864/square.jpg,2026-06-21T09:14:24+05:30,2026-06-21T11:53:00+05:30,iNaturalist,,OUTSIDE_ACTIVE_ZONES
373806508,319135,Azadirachta indica,Azadirachta indica,Neem,species,18.5184885493,73.7804403529,2026-06-21,research,nimisa,https://www.inaturalist.org/observations/373806508,https://inaturalist-open-data.s3.amazonaws.com/photos/683180689/square.jpg,2026-06-21T09:13:55+05:30,2026-06-21T11:53:01+05:30,iNaturalist,ZONE A,ACTIVE_ZONE
373806143,319135,Azadirachta indica,Azadirachta indica,Neem,species,18.518398897,73.7805633992,2026-06-21,research,nimisa,https://www.inaturalist.org/observations/373806143,https://inaturalist-open-data.s3.amazonaws.com/photos/683179903/square.jpg,2026-06-21T09:11:48+05:30,2026-06-21T11:53:02+05:30,iNaturalist,,OUTSIDE_ACTIVE_ZONES
373805964,47122,Fabaceae,Fabaceae,Legumes,family,18.5184650235,73.7805744633,2026-06-21,needs_id,nimisa,https://www.inaturalist.org/observations/373805964,https://inaturalist-open-data.s3.amazonaws.com/photos/683179405/square.jpg,2026-06-21T09:10:34+05:30,2026-06-21T09:10:57+05:30,iNaturalist,,OUTSIDE_ACTIVE_ZONES
373805783,165529,Moringa oleifera,Moringa oleifera,Moringa tree,species,18.5185082601,73.7805053964,2026-06-21,needs_id,nimisa,https://www.inaturalist.org/observations/373805783,https://inaturalist-open-data.s3.amazonaws.com/photos/683179223/square.jpg,2026-06-21T09:09:36+05:30,2026-06-21T09:11:15+05:30,iNaturalist,ZONE A,ACTIVE_ZONE
373805710,165529,Moringa oleifera,Moringa oleifera,Moringa tree,species,18.51868243,73.77987819,2026-06-21,needs_id,hiboum,https://www.inaturalist.org/observations/373805710,https://inaturalist-open-data.s3.amazonaws.com/photos/687993659/square.jpg,2026-06-21T09:09:08+05:30,2026-06-29T00:40:00+05:30,iNaturalist,,OUTSIDE_ACTIVE_ZONES
373805705,155941,Swietenia,Swietenia,Mahogany,genus,18.5186991191,73.7800250121,2026-06-21,casual,yash99733,https://www.inaturalist.org/observations/373805705,https://inaturalist-open-data.s3.amazonaws.com/photos/683178778/square.jpg,2026-06-21T09:09:07+05:30,2026-07-07T18:34:42+05:30,iNaturalist,ZONE B,ACTIVE_ZONE
373805684,319135,Azadirachta indica,Azadirachta indica,Neem,species,18.5187848467,73.7802100182,2026-06-21,research,nimisa,https://www.inaturalist.org/observations/373805684,https://inaturalist-open-data.s3.amazonaws.com/photos/683178869/square.jpg,2026-06-21T09:08:55+05:30,2026-06-21T11:53:08+05:30,iNaturalist,ZONE B,ACTIVE_ZONE
373805583,319135,Azadirachta indica,Azadirachta indica,Neem,species,18.5188188637,73.7802428752,2026-06-21,research,nimisa,https://www.inaturalist.org/observations/373805583,https://inaturalist-open-data.s3.amazonaws.com/photos/683178620/square.jpg,2026-06-21T09:08:19+05:30,2026-06-21T12:32:41+05:30,iNaturalist,ZONE B,ACTIVE_ZONE
373805469,53724,Meliaceae,Meliaceae,mahogany family,family,18.5187195871,73.779947153,2026-06-21,casual,yash99733,https://www.inaturalist.org/observations/373805469,https://inaturalist-open-data.s3.amazonaws.com/photos/683178192/square.jpg,2026-06-21T09:07:45+05:30,2026-06-21T09:07:47+05:30,iNaturalist,,OUTSIDE_ACTIVE_ZONES
373804238,47124,Magnoliopsida,Magnoliopsida,Dicots,class,18.51867585,73.7800018,2026-06-21,casual,sharvari7,https://www.inaturalist.org/observations/373804238,https://inaturalist-open-data.s3.amazonaws.com/photos/683175864/square.jpg,2026-06-21T09:02:33+05:30,2026-06-22T15:38:39+05:30,iNaturalist,,OUTSIDE_ACTIVE_ZONES
373803749,189179,Alstonia scholaris,Alstonia scholaris,White Cheesewood,species,18.5187540089,73.7805697694,2026-06-21,research,ishan52898,https://www.inaturalist.org/observations/373803749,https://inaturalist-open-data.s3.amazonaws.com/photos/683174961/square.jpg,2026-06-21T09:00:50+05:30,2026-06-21T11:53:18+05:30,iNaturalist,,OUTSIDE_ACTIVE_ZONES
373803181,155941,Swietenia,Swietenia,Mahogany,genus,18.51847056,73.78016103,2026-06-21,needs_id,sharvari7,https://www.inaturalist.org/observations/373803181,https://inaturalist-open-data.s3.amazonaws.com/photos/683173899/square.jpg,2026-06-21T08:58:00+05:30,2026-06-21T08:58:16+05:30,iNaturalist,,OUTSIDE_ACTIVE_ZONES
373803007,155941,Swietenia,Swietenia,Mahogany,genus,18.5187947021,73.7800360098,2026-06-21,needs_id,ishan52898,https://www.inaturalist.org/observations/373803007,https://inaturalist-open-data.s3.amazonaws.com/photos/683173397/square.jpg,2026-06-21T08:56:54+05:30,2026-06-21T08:57:10+05:30,iNaturalist,ZONE B,ACTIVE_ZONE
373802933,1062678,Terminalia anogeissiana,Terminalia anogeissiana,Indian Sumac,species,18.5186300219,73.78039442,2026-06-21,needs_id,nimisa,https://www.inaturalist.org/observations/373802933,https://inaturalist-open-data.s3.amazonaws.com/photos/683173296/square.jpg,2026-06-21T08:56:31+05:30,2026-06-21T08:56:48+05:30,iNaturalist,ZONE A,ACTIVE_ZONE
373802895,343782,Saraca thaipingensis,Saraca thaipingensis,Yellow Saraca,species,18.5187133333,73.7801133333,2026-06-21,needs_id,laranya1,https://www.inaturalist.org/observations/373802895,https://inaturalist-open-data.s3.amazonaws.com/photos/683173072/square.jpg,2026-06-21T08:56:15+05:30,2026-06-21T08:56:23+05:30,iNaturalist,ZONE B,ACTIVE_ZONE
373802894,47124,Magnoliopsida,Magnoliopsida,Dicots,class,18.5185608,73.780114,2026-06-21,needs_id,sharvari7,https://www.inaturalist.org/observations/373802894,https://inaturalist-open-data.s3.amazonaws.com/photos/683173312/square.jpg,2026-06-21T08:56:15+05:30,2026-06-22T22:41:34+05:30,iNaturalist,ZONE A,ACTIVE_ZONE
373802867,47181,Ericales,Ericales,"Heathers, Balsams, Primroses, and Allies",order,18.51854641,73.7804403529,2026-06-21,needs_id,nimisa,https://www.inaturalist.org/observations/373802867,https://inaturalist-open-data.s3.amazonaws.com/photos/683173125/square.jpg,2026-06-21T08:56:08+05:30,2026-06-22T22:42:26+05:30,iNaturalist,ZONE A,ACTIVE_ZONE
373802615,48363,Tecoma stans,Tecoma stans,yellow trumpet flower,species,18.5186833333,73.779985,2026-06-21,needs_id,laranya1,https://www.inaturalist.org/observations/373802615,https://inaturalist-open-data.s3.amazonaws.com/photos/683172432/square.jpg,2026-06-21T08:54:44+05:30,2026-06-21T11:53:48+05:30,iNaturalist,,OUTSIDE_ACTIVE_ZONES
373802604,48363,Tecoma stans,Tecoma stans,yellow trumpet flower,species,18.5186028,73.78010764,2026-06-21,research,sharvari7,https://www.inaturalist.org/observations/373802604,https://inaturalist-open-data.s3.amazonaws.com/photos/683172480/square.jpg,2026-06-21T08:54:40+05:30,2026-06-21T11:54:00+05:30,iNaturalist,ZONE A,ACTIVE_ZONE
373802431,371396,Terminalia mantaly,Terminalia mantaly,Madagascar almond,species,18.5184306886,73.7802599743,2026-06-21,research,vidhaan,https://www.inaturalist.org/observations/373802431,https://inaturalist-open-data.s3.amazonaws.com/photos/683172071/square.jpg,2026-06-21T08:53:59+05:30,2026-06-21T11:53:56+05:30,iNaturalist,ZONE A,ACTIVE_ZONE
373802388,163327,Gliricidia sepium,Gliricidia sepium,Fence Post Tree,species,18.51876435,73.77980688,2026-06-21,needs_id,sharvari7,https://www.inaturalist.org/observations/373802388,https://inaturalist-open-data.s3.amazonaws.com/photos/683172053/square.jpg,2026-06-21T08:53:40+05:30,2026-06-21T12:40:54+05:30,iNaturalist,,OUTSIDE_ACTIVE_ZONES
373802176,48363,Tecoma stans,Tecoma stans,yellow trumpet flower,species,18.5187066667,73.7800883333,2026-06-21,needs_id,laranya1,https://www.inaturalist.org/observations/373802176,https://inaturalist-open-data.s3.amazonaws.com/photos/683171417/square.jpg,2026-06-21T08:52:29+05:30,2026-06-21T11:54:31+05:30,iNaturalist,ZONE B,ACTIVE_ZONE
373802087,285082,Gyrocarpus americanus,Gyrocarpus americanus,Propeller Tree,species,18.5188868975,73.7802874669,2026-06-21,needs_id,nimisa,https://www.inaturalist.org/observations/373802087,https://inaturalist-open-data.s3.amazonaws.com/photos/683171543/square.jpg,2026-06-21T08:52:07+05:30,2026-06-21T08:56:06+05:30,iNaturalist,ZONE B,ACTIVE_ZONE
373802050,359078,Khaya senegalensis,Khaya senegalensis,African mahogany,species,18.5186753943,73.7800889164,2026-06-21,casual,yash99733,https://www.inaturalist.org/observations/373802050,https://inaturalist-open-data.s3.amazonaws.com/photos/683171122/square.jpg,2026-06-21T08:51:55+05:30,2026-06-21T08:54:11+05:30,iNaturalist,,OUTSIDE_ACTIVE_ZONES
373801934,319135,Azadirachta indica,Azadirachta indica,Neem,species,18.5189316667,73.77973,2026-06-21,research,laranya1,https://www.inaturalist.org/observations/373801934,https://inaturalist-open-data.s3.amazonaws.com/photos/683170919/square.jpg,2026-06-21T08:51:21+05:30,2026-06-21T12:41:12+05:30,iNaturalist,,OUTSIDE_ACTIVE_ZONES
373801678,539100,Mallotus nudiflorus,Mallotus nudiflorus,False White Teak,species,18.518694344,73.7801421823,2026-06-21,casual,yash99733,https://www.inaturalist.org/observations/373801678,https://inaturalist-open-data.s3.amazonaws.com/photos/683170382/square.jpg,2026-06-21T08:50:10+05:30,2026-06-21T08:50:11+05:30,iNaturalist,ZONE A,ACTIVE_ZONE
373801615,155941,Swietenia,Swietenia,Mahogany,genus,18.51892943,73.77984479,2026-06-21,needs_id,sharvari7,https://www.inaturalist.org/observations/373801615,https://inaturalist-open-data.s3.amazonaws.com/photos/683170394/square.jpg,2026-06-21T08:49:52+05:30,2026-06-21T08:50:11+05:30,iNaturalist,ZONE C,ACTIVE_ZONE
373801537,373578,Mimosoideae,Mimosoideae,"Acacias, Mimosas, Mesquites, and Allies",subfamily,18.5187966096,73.7799934298,2026-06-21,needs_id,ishan52898,https://www.inaturalist.org/observations/373801537,https://inaturalist-open-data.s3.amazonaws.com/photos/683170264/square.jpg,2026-06-21T08:49:30+05:30,2026-06-21T08:49:48+05:30,iNaturalist,ZONE B,ACTIVE_ZONE
373801342,155941,Swietenia,Swietenia,Mahogany,genus,18.51892633,73.77994728,2026-06-21,needs_id,sharvari7,https://www.inaturalist.org/observations/373801342,https://inaturalist-open-data.s3.amazonaws.com/photos/683169862/square.jpg,2026-06-21T08:48:33+05:30,2026-06-21T08:48:46+05:30,iNaturalist,ZONE C,ACTIVE_ZONE
373801089,68679,Cassia fistula,Cassia fistula,Golden Shower Tree,species,18.5189139203,73.7802861258,2026-06-21,research,nimisa,https://www.inaturalist.org/observations/373801089,https://inaturalist-open-data.s3.amazonaws.com/photos/683169338/square.jpg,2026-06-21T08:47:15+05:30,2026-06-21T11:54:52+05:30,iNaturalist,ZONE B,ACTIVE_ZONE
373800999,47729,Sapindales,Sapindales,"Soapberries, Cashews, Mahoganies, and Allies",order,18.5187852364,73.7804068508,2026-06-21,casual,yash99733,https://www.inaturalist.org/observations/373800999,https://inaturalist-open-data.s3.amazonaws.com/photos/683169052/square.jpg,2026-06-21T08:46:51+05:30,2026-06-21T08:46:52+05:30,iNaturalist,ZONE A,ACTIVE_ZONE
373800929,47363,Gentianales,Gentianales,"Gentians, Dogbanes, Madders, and Allies",order,18.5186907437,73.7804172188,2026-06-21,casual,nimisa,https://www.inaturalist.org/observations/373800929,https://inaturalist-open-data.s3.amazonaws.com/photos/683168989/square.jpg,2026-06-21T08:46:28+05:30,2026-06-21T20:04:14+05:30,iNaturalist,ZONE A,ACTIVE_ZONE
373800761,319135,Azadirachta indica,Azadirachta indica,Neem,species,18.5183133776,73.7803612277,2026-06-21,research,nimisa,https://www.inaturalist.org/observations/373800761,https://inaturalist-open-data.s3.amazonaws.com/photos/683168724/square.jpg,2026-06-21T08:45:47+05:30,2026-06-21T11:54:56+05:30,iNaturalist,,OUTSIDE_ACTIVE_ZONES
373800710,48872,Mangifera indica,Mangifera indica,Indian mango,species,18.5186875646,73.7802713737,2026-06-21,research,nimisa,https://www.inaturalist.org/observations/373800710,https://inaturalist-open-data.s3.amazonaws.com/photos/683168555/square.jpg,2026-06-21T08:45:28+05:30,2026-06-21T11:54:59+05:30,iNaturalist,ZONE A,ACTIVE_ZONE
373800633,860846,Hibisceae,Hibisceae,Hibisceae,tribe,18.5189314057,73.7799531966,2026-06-21,needs_id,ishan52898,https://www.inaturalist.org/observations/373800633,https://inaturalist-open-data.s3.amazonaws.com/photos/683168405/square.jpg,2026-06-21T08:45:14+05:30,2026-07-13T10:20:11+05:30,iNaturalist,ZONE C,ACTIVE_ZONE
373800620,126424,Parthenium hysterophorus,Parthenium hysterophorus,Santa Maria feverfew,species,18.518398897,73.7802978605,2026-06-21,needs_id,vidhaan,https://www.inaturalist.org/observations/373800620,https://inaturalist-open-data.s3.amazonaws.com/photos/683168359/square.jpg,2026-06-21T08:45:12+05:30,2026-06-21T11:55:08+05:30,iNaturalist,ZONE A,ACTIVE_ZONE
373800427,68679,Cassia fistula,Cassia fistula,Golden Shower Tree,species,18.5186707151,73.7802686915,2026-06-21,needs_id,nimisa,https://www.inaturalist.org/observations/373800427,https://inaturalist-open-data.s3.amazonaws.com/photos/683168091/square.jpg,2026-06-21T08:44:21+05:30,2026-06-21T08:44:35+05:30,iNaturalist,ZONE A,ACTIVE_ZONE
373800404,632790,Asteroideae,Asteroideae,Asteroideae,subfamily,18.51878319,73.77968236,2026-06-21,needs_id,sharvari7,https://www.inaturalist.org/observations/373800404,https://inaturalist-open-data.s3.amazonaws.com/photos/683168210/square.jpg,2026-06-21T08:44:13+05:30,2026-06-21T08:44:52+05:30,iNaturalist,,OUTSIDE_ACTIVE_ZONES
373800357,165529,Moringa oleifera,Moringa oleifera,Moringa tree,species,18.5187870721,73.7801238522,2026-06-21,needs_id,nimisa,https://www.inaturalist.org/observations/373800357,https://inaturalist-open-data.s3.amazonaws.com/photos/683167979/square.jpg,2026-06-21T08:44:00+05:30,2026-06-21T08:44:19+05:30,iNaturalist,ZONE B,ACTIVE_ZONE
373800276,75832,Boehmeria cylindrica,Boehmeria cylindrica,false nettle,species,18.5187533731,73.7799910828,2026-06-21,needs_id,ishan52898,https://www.inaturalist.org/observations/373800276,https://inaturalist-open-data.s3.amazonaws.com/photos/683167762/square.jpg,2026-06-21T08:43:34+05:30,2026-06-21T08:43:42+05:30,iNaturalist,ZONE B,ACTIVE_ZONE
373800244,189339,Aphanamixis polystachya,Aphanamixis polystachya,pithraj tree,species,18.5188191816,73.7801315635,2026-06-21,needs_id,nimisa,https://www.inaturalist.org/observations/373800244,https://inaturalist-open-data.s3.amazonaws.com/photos/683167798/square.jpg,2026-06-21T08:43:24+05:30,2026-06-21T08:43:48+05:30,iNaturalist,ZONE B,ACTIVE_ZONE
373800174,72356,Senegalia,Senegalia,Hook-Thorns,genus,18.5188066667,73.779665,2026-06-21,needs_id,laranya1,https://www.inaturalist.org/observations/373800174,https://inaturalist-open-data.s3.amazonaws.com/photos/683167598/square.jpg,2026-06-21T08:43:04+05:30,2026-06-21T08:43:11+05:30,iNaturalist,,OUTSIDE_ACTIVE_ZONES
373800172,50333,Lantana camara,Lantana camara,common lantana,species,18.51870088,73.77992806,2026-06-21,needs_id,hiboum,https://www.inaturalist.org/observations/373800172,https://inaturalist-open-data.s3.amazonaws.com/photos/683167599/square.jpg,2026-06-21T08:43:04+05:30,2026-06-21T08:43:19+05:30,iNaturalist,,OUTSIDE_ACTIVE_ZONES
373799789,53724,Meliaceae,Meliaceae,mahogany family,family,18.5189360394,73.7801479101,2026-06-21,casual,yash99733,https://www.inaturalist.org/observations/373799789,https://inaturalist-open-data.s3.amazonaws.com/photos/683166864/square.jpg,2026-06-21T08:41:28+05:30,2026-06-21T08:56:41+05:30,iNaturalist,ZONE B,ACTIVE_ZONE
373799653,632790,Asteroideae,Asteroideae,Asteroideae,subfamily,18.51880058,73.77951389,2026-06-21,needs_id,sharvari7,https://www.inaturalist.org/observations/373799653,https://inaturalist-open-data.s3.amazonaws.com/photos/683166817/square.jpg,2026-06-21T08:41:01+05:30,2026-06-21T08:41:18+05:30,iNaturalist,,OUTSIDE_ACTIVE_ZONES
373799627,47124,Magnoliopsida,Magnoliopsida,Dicots,class,18.5184529427,73.7802707031,2026-06-21,needs_id,vidhaan,https://www.inaturalist.org/observations/373799627,https://inaturalist-open-data.s3.amazonaws.com/photos/683166722/square.jpg,2026-06-21T08:40:54+05:30,2026-06-21T11:55:31+05:30,iNaturalist,ZONE A,ACTIVE_ZONE
373799528,47124,Magnoliopsida,Magnoliopsida,Dicots,class,18.5190588896,73.7799780071,2026-06-21,needs_id,nimisa,https://www.inaturalist.org/observations/373799528,https://inaturalist-open-data.s3.amazonaws.com/photos/683167589/square.jpg,2026-06-21T08:40:20+05:30,2026-06-21T11:55:45+05:30,iNaturalist,ZONE C,ACTIVE_ZONE
373799470,68679,Cassia fistula,Cassia fistula,Golden Shower Tree,species,18.5184453128,73.7803236768,2026-06-21,research,nimisa,https://www.inaturalist.org/observations/373799470,https://inaturalist-open-data.s3.amazonaws.com/photos/683166466/square.jpg,2026-06-21T08:39:53+05:30,2026-06-21T11:55:38+05:30,iNaturalist,ZONE A,ACTIVE_ZONE
373799431,495563,Hibiscus mutatus,Hibiscus mutatus,Hibiscus mutatus,species,18.51871006,73.77992281,2026-06-21,needs_id,hiboum,https://www.inaturalist.org/observations/373799431,https://inaturalist-open-data.s3.amazonaws.com/photos/683166277/square.jpg,2026-06-21T08:39:39+05:30,2026-06-21T08:40:47+05:30,iNaturalist,,OUTSIDE_ACTIVE_ZONES
373799364,48872,Mangifera indica,Mangifera indica,Indian mango,species,18.51945596,73.77974895,2026-06-21,research,sharvari7,https://www.inaturalist.org/observations/373799364,https://inaturalist-open-data.s3.amazonaws.com/photos/683166232/square.jpg,2026-06-21T08:39:24+05:30,2026-06-21T11:55:49+05:30,iNaturalist,,OUTSIDE_ACTIVE_ZONES
373799240,165529,Moringa oleifera,Moringa oleifera,Moringa tree,species,18.5188493835,73.7801251933,2026-06-21,needs_id,nimisa,https://www.inaturalist.org/observations/373799240,https://inaturalist-open-data.s3.amazonaws.com/photos/683166302/square.jpg,2026-06-21T08:39:05+05:30,2026-06-21T08:39:50+05:30,iNaturalist,ZONE B,ACTIVE_ZONE
373799125,62826,Terminalia,Terminalia,Cluster-leafs,genus,18.518761321,73.7799853832,2026-06-21,needs_id,ishan52898,https://www.inaturalist.org/observations/373799125,https://inaturalist-open-data.s3.amazonaws.com/photos/683165837/square.jpg,2026-06-21T08:38:36+05:30,2026-06-21T11:56:01+05:30,iNaturalist,ZONE B,ACTIVE_ZONE
373798919,47124,Magnoliopsida,Magnoliopsida,Dicots,class,18.5189513955,73.7801144868,2026-06-21,casual,yash99733,https://www.inaturalist.org/observations/373798919,https://inaturalist-open-data.s3.amazonaws.com/photos/683165279/square.jpg,2026-06-21T08:37:19+05:30,2026-06-21T08:37:21+05:30,iNaturalist,ZONE B,ACTIVE_ZONE
373798912,165529,Moringa oleifera,Moringa oleifera,Moringa tree,species,18.51867813,73.77995745,2026-06-21,needs_id,hiboum,https://www.inaturalist.org/observations/373798912,https://inaturalist-open-data.s3.amazonaws.com/photos/683165333/square.jpg,2026-06-21T08:37:18+05:30,2026-06-21T08:37:35+05:30,iNaturalist,,OUTSIDE_ACTIVE_ZONES
373798904,537701,Terminalia elliptica,Terminalia elliptica,Indian Laurel,species,18.5188713197,73.7802096829,2026-06-21,needs_id,nimisa,https://www.inaturalist.org/observations/373798904,https://inaturalist-open-data.s3.amazonaws.com/photos/683165336/square.jpg,2026-06-21T08:37:15+05:30,2026-06-21T08:37:26+05:30,iNaturalist,ZONE B,ACTIVE_ZONE
373798806,47124,Magnoliopsida,Magnoliopsida,Dicots,class,18.5188579672,73.7801761553,2026-06-21,needs_id,nimisa,https://www.inaturalist.org/observations/373798806,https://inaturalist-open-data.s3.amazonaws.com/photos/683165246/square.jpg,2026-06-21T08:36:43+05:30,2026-06-21T12:02:14+05:30,iNaturalist,ZONE B,ACTIVE_ZONE
373798800,47124,Magnoliopsida,Magnoliopsida,Dicots,class,18.5193503,73.77984656,2026-06-21,needs_id,sharvari7,https://www.inaturalist.org/observations/373798800,https://inaturalist-open-data.s3.amazonaws.com/photos/683165124/square.jpg,2026-06-21T08:36:40+05:30,2026-06-22T04:13:05+05:30,iNaturalist,ZONE C,ACTIVE_ZONE
373798775,47124,Magnoliopsida,Magnoliopsida,Dicots,class,18.5189913435,73.7801471075,2026-06-21,casual,yash99733,https://www.inaturalist.org/observations/373798775,https://inaturalist-open-data.s3.amazonaws.com/photos/683164937/square.jpg,2026-06-21T08:36:30+05:30,2026-06-21T08:36:31+05:30,iNaturalist,,OUTSIDE_ACTIVE_ZONES
373798764,495563,Hibiscus mutatus,Hibiscus mutatus,Hibiscus mutatus,species,18.51866898,73.77995777,2026-06-21,needs_id,hiboum,https://www.inaturalist.org/observations/373798764,https://inaturalist-open-data.s3.amazonaws.com/photos/683164983/square.jpg,2026-06-21T08:36:25+05:30,2026-06-21T08:40:06+05:30,iNaturalist,,OUTSIDE_ACTIVE_ZONES
373798644,62826,Terminalia,Terminalia,Cluster-leafs,genus,18.5184389544,73.7802509218,2026-06-21,needs_id,vidhaan,https://www.inaturalist.org/observations/373798644,https://inaturalist-open-data.s3.amazonaws.com/photos/683164704/square.jpg,2026-06-21T08:35:48+05:30,2026-06-21T12:02:36+05:30,iNaturalist,ZONE A,ACTIVE_ZONE
373798539,157317,Gliricidia,Gliricidia,Gliricidia,genus,18.5187114083,73.7800168991,2026-06-21,needs_id,ishan52898,https://www.inaturalist.org/observations/373798539,https://inaturalist-open-data.s3.amazonaws.com/photos/683164531/square.jpg,2026-06-21T08:35:17+05:30,2026-06-21T08:35:33+05:30,iNaturalist,ZONE B,ACTIVE_ZONE
373798502,68679,Cassia fistula,Cassia fistula,Golden Shower Tree,species,18.5188598747,73.7800906599,2026-06-21,research,nimisa,https://www.inaturalist.org/observations/373798502,https://inaturalist-open-data.s3.amazonaws.com/photos/683164478/square.jpg,2026-06-21T08:35:05+05:30,2026-06-21T12:04:01+05:30,iNaturalist,ZONE B,ACTIVE_ZONE
373798414,273713,Euphorbia tithymaloides,Euphorbia tithymaloides,Devil's Backbone,species,18.51930897,73.77982548,2026-06-21,needs_id,sharvari7,https://www.inaturalist.org/observations/373798414,https://inaturalist-open-data.s3.amazonaws.com/photos/683164341/square.jpg,2026-06-21T08:34:43+05:30,2026-06-21T08:34:55+05:30,iNaturalist,ZONE C,ACTIVE_ZONE
373798349,47124,Magnoliopsida,Magnoliopsida,Dicots,class,18.5183594754,73.7803129479,2026-06-21,needs_id,vidhaan,https://www.inaturalist.org/observations/373798349,https://inaturalist-open-data.s3.amazonaws.com/photos/683164154/square.jpg,2026-06-21T08:34:22+05:30,2026-06-21T08:43:27+05:30,iNaturalist,ZONE A,ACTIVE_ZONE
373798251,319135,Azadirachta indica,Azadirachta indica,Neem,species,18.5193933333,73.77994,2026-06-21,research,laranya1,https://www.inaturalist.org/observations/373798251,https://inaturalist-open-data.s3.amazonaws.com/photos/683163978/square.jpg,2026-06-21T08:33:57+05:30,2026-06-21T12:04:08+05:30,iNaturalist,ZONE C,ACTIVE_ZONE
373798221,189339,Aphanamixis polystachya,Aphanamixis polystachya,pithraj tree,species,18.5187918409,73.7803189829,2026-06-21,needs_id,nimisa,https://www.inaturalist.org/observations/373798221,https://inaturalist-open-data.s3.amazonaws.com/photos/683164965/square.jpg,2026-06-21T08:33:48+05:30,2026-06-21T08:36:41+05:30,iNaturalist,ZONE A,ACTIVE_ZONE
373798097,197082,Salvadora persica,Salvadora persica,toothbrush tree,species,18.51864139,73.77994894,2026-06-21,needs_id,hiboum,https://www.inaturalist.org/observations/373798097,https://inaturalist-open-data.s3.amazonaws.com/photos/683163739/square.jpg,2026-06-21T08:33:25+05:30,2026-06-21T08:33:32+05:30,iNaturalist,,OUTSIDE_ACTIVE_ZONES
373798061,319135,Azadirachta indica,Azadirachta indica,Neem,species,18.51931464,73.78002709,2026-06-21,research,sharvari7,https://www.inaturalist.org/observations/373798061,https://inaturalist-open-data.s3.amazonaws.com/photos/683163687/square.jpg,2026-06-21T08:33:19+05:30,2026-06-21T12:04:13+05:30,iNaturalist,ZONE C,ACTIVE_ZONE
373798029,319135,Azadirachta indica,Azadirachta indica,Neem,species,18.5187088767,73.7804899372,2026-06-21,casual,yash99733,https://www.inaturalist.org/observations/373798029,https://inaturalist-open-data.s3.amazonaws.com/photos/683167270/square.jpg,2026-06-21T08:33:10+05:30,2026-07-07T18:34:53+05:30,iNaturalist,ZONE A,ACTIVE_ZONE
373797991,324170,Caesalpinioideae,Caesalpinioideae,Peacock Flower Subfamily,subfamily,18.5185864674,73.7805013731,2026-06-21,needs_id,nimisa,https://www.inaturalist.org/observations/373797991,https://inaturalist-open-data.s3.amazonaws.com/photos/683163533/square.jpg,2026-06-21T08:32:56+05:30,2026-06-21T08:33:05+05:30,iNaturalist,ZONE A,ACTIVE_ZONE
373797937,53804,Bougainvillea,Bougainvillea,bougainvilleas,genus,18.51931,73.7796066667,2026-06-21,needs_id,laranya1,https://www.inaturalist.org/observations/373797937,https://inaturalist-open-data.s3.amazonaws.com/photos/683163373/square.jpg,2026-06-21T08:32:40+05:30,2026-06-21T08:32:47+05:30,iNaturalist,,OUTSIDE_ACTIVE_ZONES
373797917,197082,Salvadora persica,Salvadora persica,toothbrush tree,species,18.51864974,73.7799773,2026-06-21,needs_id,hiboum,https://www.inaturalist.org/observations/373797917,https://inaturalist-open-data.s3.amazonaws.com/photos/683163318/square.jpg,2026-06-21T08:32:33+05:30,2026-06-21T08:32:55+05:30,iNaturalist,,OUTSIDE_ACTIVE_ZONES
373797915,319135,Azadirachta indica,Azadirachta indica,Neem,species,18.51927183,73.78005045,2026-06-21,research,sharvari7,https://www.inaturalist.org/observations/373797915,https://inaturalist-open-data.s3.amazonaws.com/photos/683163312/square.jpg,2026-06-21T08:32:32+05:30,2026-06-21T12:04:20+05:30,iNaturalist,ZONE C,ACTIVE_ZONE
373797897,68679,Cassia fistula,Cassia fistula,Golden Shower Tree,species,18.5186907437,73.7801174819,2026-06-21,research,nimisa,https://www.inaturalist.org/observations/373797897,https://inaturalist-open-data.s3.amazonaws.com/photos/683163280/square.jpg,2026-06-21T08:32:25+05:30,2026-06-21T12:04:23+05:30,iNaturalist,,OUTSIDE_ACTIVE_ZONES
373797829,319135,Azadirachta indica,Azadirachta indica,Neem,species,18.5193166667,73.7800816667,2026-06-21,research,laranya1,https://www.inaturalist.org/observations/373797829,https://inaturalist-open-data.s3.amazonaws.com/photos/683163076/square.jpg,2026-06-21T08:32:03+05:30,2026-06-21T12:04:24+05:30,iNaturalist,ZONE C,ACTIVE_ZONE
373797736,319135,Azadirachta indica,Azadirachta indica,Neem,species,18.5185966407,73.7804413587,2026-06-21,research,nimisa,https://www.inaturalist.org/observations/373797736,https://inaturalist-open-data.s3.amazonaws.com/photos/683163158/square.jpg,2026-06-21T08:31:37+05:30,2026-06-21T12:04:26+05:30,iNaturalist,ZONE A,ACTIVE_ZONE
373797733,319135,Azadirachta indica,Azadirachta indica,Neem,species,18.51922531,73.78009903,2026-06-21,research,sharvari7,https://www.inaturalist.org/observations/373797733,https://inaturalist-open-data.s3.amazonaws.com/photos/683162866/square.jpg,2026-06-21T08:31:37+05:30,2026-06-21T12:04:27+05:30,iNaturalist,ZONE C,ACTIVE_ZONE
373797367,319135,Azadirachta indica,Azadirachta indica,Neem,species,18.519205,73.7802016667,2026-06-21,research,laranya1,https://www.inaturalist.org/observations/373797367,https://inaturalist-open-data.s3.amazonaws.com/photos/683161962/square.jpg,2026-06-21T08:29:58+05:30,2026-06-21T12:04:28+05:30,iNaturalist,,OUTSIDE_ACTIVE_ZONES
373797282,319135,Azadirachta indica,Azadirachta indica,Neem,species,18.51915111,73.78011316,2026-06-21,research,sharvari7,https://www.inaturalist.org/observations/373797282,https://inaturalist-open-data.s3.amazonaws.com/photos/683161823/square.jpg,2026-06-21T08:29:41+05:30,2026-06-21T12:04:30+05:30,iNaturalist,ZONE C,ACTIVE_ZONE
373797019,62887,Tectona grandis,Tectona grandis,Teak,species,18.518568982,73.7802663445,2026-06-21,research,nimisa,https://www.inaturalist.org/observations/373797019,https://inaturalist-open-data.s3.amazonaws.com/photos/683162388/square.jpg,2026-06-21T08:28:16+05:30,2026-06-21T12:04:32+05:30,iNaturalist,ZONE A,ACTIVE_ZONE
373796958,319135,Azadirachta indica,Azadirachta indica,Neem,species,18.5190183333,73.7801916667,2026-06-21,research,laranya1,https://www.inaturalist.org/observations/373796958,https://inaturalist-open-data.s3.amazonaws.com/photos/683160989/square.jpg,2026-06-21T08:27:58+05:30,2026-06-21T12:04:34+05:30,iNaturalist,,OUTSIDE_ACTIVE_ZONES
373796890,319135,Azadirachta indica,Azadirachta indica,Neem,species,18.5187667255,73.780195266,2026-06-21,research,nimisa,https://www.inaturalist.org/observations/373796890,https://inaturalist-open-data.s3.amazonaws.com/photos/683160926/square.jpg,2026-06-21T08:27:44+05:30,2026-06-21T12:04:36+05:30,iNaturalist,,OUTSIDE_ACTIVE_ZONES
373796828,47122,Fabaceae,Fabaceae,Legumes,family,18.5187807014,73.7803926437,2026-06-21,casual,yash99733,https://www.inaturalist.org/observations/373796828,https://inaturalist-open-data.s3.amazonaws.com/photos/683160600/square.jpg,2026-06-21T08:27:23+05:30,2026-06-21T08:46:42+05:30,iNaturalist,ZONE A,ACTIVE_ZONE
373796763,51822,Euphorbia,Euphorbia,Spurges,genus,18.51900407,73.78020542,2026-06-21,needs_id,sharvari7,https://www.inaturalist.org/observations/373796763,https://inaturalist-open-data.s3.amazonaws.com/photos/683160493/square.jpg,2026-06-21T08:27:03+05:30,2026-06-21T08:27:12+05:30,iNaturalist,ZONE B,ACTIVE_ZONE
373796756,47122,Fabaceae,Fabaceae,Legumes,family,18.5186942408,73.7802271172,2026-06-21,needs_id,nimisa,https://www.inaturalist.org/observations/373796756,https://inaturalist-open-data.s3.amazonaws.com/photos/683160533/square.jpg,2026-06-21T08:27:02+05:30,2026-06-21T08:27:16+05:30,iNaturalist,ZONE A,ACTIVE_ZONE
373796745,319135,Azadirachta indica,Azadirachta indica,Neem,species,18.5186459176,73.7799625844,2026-06-21,research,hiboum,https://www.inaturalist.org/observations/373796745,https://inaturalist-open-data.s3.amazonaws.com/photos/683160478/square.jpg,2026-06-21T08:26:59+05:30,2026-06-21T12:04:45+05:30,iNaturalist,,OUTSIDE_ACTIVE_ZONES
373796676,717704,Ailanthus excelsa,Ailanthus excelsa,Indian tree of heaven,species,18.518768633,73.780294843,2026-06-21,needs_id,nimisa,https://www.inaturalist.org/observations/373796676,https://inaturalist-open-data.s3.amazonaws.com/photos/683160324/square.jpg,2026-06-21T08:26:30+05:30,2026-06-21T08:26:53+05:30,iNaturalist,ZONE A,ACTIVE_ZONE
373796642,319135,Azadirachta indica,Azadirachta indica,Neem,species,18.51897201,73.78019675,2026-06-21,research,sharvari7,https://www.inaturalist.org/observations/373796642,https://inaturalist-open-data.s3.amazonaws.com/photos/683160085/square.jpg,2026-06-21T08:26:16+05:30,2026-06-21T12:04:47+05:30,iNaturalist,ZONE B,ACTIVE_ZONE
373796478,273713,Euphorbia tithymaloides,Euphorbia tithymaloides,Devil's Backbone,species,18.51893724,73.78026969,2026-06-21,needs_id,sharvari7,https://www.inaturalist.org/observations/373796478,https://inaturalist-open-data.s3.amazonaws.com/photos/683159829/square.jpg,2026-06-21T08:25:41+05:30,2026-06-21T08:25:50+05:30,iNaturalist,ZONE B,ACTIVE_ZONE
373796298,62949,Bougainvillea spectabilis,Bougainvillea spectabilis,beautiful bougainvillea,species,18.5187583333,73.7804733333,2026-06-21,research,laranya1,https://www.inaturalist.org/observations/373796298,https://inaturalist-open-data.s3.amazonaws.com/photos/683159346/square.jpg,2026-06-21T08:24:40+05:30,2026-06-21T12:04:53+05:30,iNaturalist,ZONE A,ACTIVE_ZONE
373796259,319135,Azadirachta indica,Azadirachta indica,Neem,species,18.5189663763,73.7800598145,2026-06-21,research,nimisa,https://www.inaturalist.org/observations/373796259,https://inaturalist-open-data.s3.amazonaws.com/photos/683159596/square.jpg,2026-06-21T08:24:26+05:30,2026-06-21T12:04:54+05:30,iNaturalist,ZONE C,ACTIVE_ZONE
373796042,427116,Madhuca longifolia,Madhuca longifolia,Mahua,species,18.518304158,73.78051579,2026-06-21,needs_id,nimisa,https://www.inaturalist.org/observations/373796042,https://inaturalist-open-data.s3.amazonaws.com/photos/683159909/square.jpg,2026-06-21T08:23:15+05:30,2026-06-21T08:25:59+05:30,iNaturalist,,OUTSIDE_ACTIVE_ZONES
373795982,319135,Azadirachta indica,Azadirachta indica,Neem,species,18.51889741,73.78028508,2026-06-21,research,sharvari7,https://www.inaturalist.org/observations/373795982,https://inaturalist-open-data.s3.amazonaws.com/photos/683158543/square.jpg,2026-06-21T08:22:51+05:30,2026-06-21T12:04:57+05:30,iNaturalist,ZONE B,ACTIVE_ZONE
373795946,319135,Azadirachta indica,Azadirachta indica,Neem,species,18.51860528,73.7800213,2026-06-21,research,hiboum,https://www.inaturalist.org/observations/373795946,https://inaturalist-open-data.s3.amazonaws.com/photos/683158464/square.jpg,2026-06-21T08:22:41+05:30,2026-06-21T12:04:58+05:30,iNaturalist,,OUTSIDE_ACTIVE_ZONES
373795693,581804,Catunaregam spinosa,Catunaregam spinosa,Mountain Pomegranate,species,18.51875364,73.78039979,2026-06-21,needs_id,sharvari7,https://www.inaturalist.org/observations/373795693,https://inaturalist-open-data.s3.amazonaws.com/photos/683158186/square.jpg,2026-06-21T08:21:42+05:30,2026-06-21T08:22:27+05:30,iNaturalist,ZONE A,ACTIVE_ZONE
373795392,319135,Azadirachta indica,Azadirachta indica,Neem,species,18.51861119,73.78002677,2026-06-21,research,hiboum,https://www.inaturalist.org/observations/373795392,https://inaturalist-open-data.s3.amazonaws.com/photos/683157443/square.jpg,2026-06-21T08:20:14+05:30,2026-06-21T12:05:02+05:30,iNaturalist,,OUTSIDE_ACTIVE_ZONES
373795301,319135,Azadirachta indica,Azadirachta indica,Neem,species,18.5183601112,73.7804413587,2026-06-21,research,nimisa,https://www.inaturalist.org/observations/373795301,https://inaturalist-open-data.s3.amazonaws.com/photos/683157342/square.jpg,2026-06-21T08:19:49+05:30,2026-06-21T12:05:05+05:30,iNaturalist,,OUTSIDE_ACTIVE_ZONES
373795137,319135,Azadirachta indica,Azadirachta indica,Neem,species,18.51859592,73.78004624,2026-06-21,research,hiboum,https://www.inaturalist.org/observations/373795137,https://inaturalist-open-data.s3.amazonaws.com/photos/683156875/square.jpg,2026-06-21T08:19:01+05:30,2026-06-21T12:05:07+05:30,iNaturalist,,OUTSIDE_ACTIVE_ZONES
373795035,163327,Gliricidia sepium,Gliricidia sepium,Fence Post Tree,species,18.5187164949,73.7803746387,2026-06-21,research,sharvari7,https://www.inaturalist.org/observations/373795035,https://inaturalist-open-data.s3.amazonaws.com/photos/683156653/square.jpg,2026-06-21T08:18:27+05:30,2026-06-21T12:42:43+05:30,iNaturalist,ZONE A,ACTIVE_ZONE
373795004,47122,Fabaceae,Fabaceae,Legumes,family,18.5184192436,73.7803669274,2026-06-21,needs_id,nimisa,https://www.inaturalist.org/observations/373795004,https://inaturalist-open-data.s3.amazonaws.com/photos/683156673/square.jpg,2026-06-21T08:18:21+05:30,2026-06-21T10:05:45+05:30,iNaturalist,ZONE A,ACTIVE_ZONE
373794769,51822,Euphorbia,Euphorbia,Spurges,genus,18.5186983737,73.7803857028,2026-06-21,needs_id,nimisa,https://www.inaturalist.org/observations/373794769,https://inaturalist-open-data.s3.amazonaws.com/photos/683156347/square.jpg,2026-06-21T08:17:18+05:30,2026-06-21T08:17:59+05:30,iNaturalist,ZONE A,ACTIVE_ZONE
373794643,319135,Azadirachta indica,Azadirachta indica,Neem,species,18.51857242,73.78007264,2026-06-21,research,hiboum,https://www.inaturalist.org/observations/373794643,https://inaturalist-open-data.s3.amazonaws.com/photos/683155922/square.jpg,2026-06-21T08:16:56+05:30,2026-06-21T12:05:17+05:30,iNaturalist,,OUTSIDE_ACTIVE_ZONES
373793900,319135,Azadirachta indica,Azadirachta indica,Neem,species,18.5188455686,73.780416213,2026-06-21,research,nimisa,https://www.inaturalist.org/observations/373793900,https://inaturalist-open-data.s3.amazonaws.com/photos/683154494/square.jpg,2026-06-21T08:13:55+05:30,2026-06-21T12:05:19+05:30,iNaturalist,,OUTSIDE_ACTIVE_ZONES
373793207,359078,Khaya senegalensis,Khaya senegalensis,African mahogany,species,18.5187365236,73.7800276279,2026-06-21,needs_id,sharvari7,https://www.inaturalist.org/observations/373793207,https://inaturalist-open-data.s3.amazonaws.com/photos/683152644/square.jpg,2026-06-21T08:10:36+05:30,2026-06-21T08:10:44+05:30,iNaturalist,ZONE B,ACTIVE_ZONE
371476046,68679,Cassia fistula,Cassia fistula,Golden Shower Tree,species,18.5190766667,73.7797916667,2026-06-14,needs_id,laranya1,https://www.inaturalist.org/observations/371476046,https://static.inaturalist.org/photos/678718926/square.jpg,2026-06-14T09:22:00+05:30,2026-06-14T09:22:07+05:30,iNaturalist,ZONE C,ACTIVE_ZONE
371475998,373578,Mimosoideae,Mimosoideae,"Acacias, Mimosas, Mesquites, and Allies",subfamily,18.51929,73.7797533333,2026-06-14,needs_id,laranya1,https://www.inaturalist.org/observations/371475998,https://static.inaturalist.org/photos/678718784/square.jpg,2026-06-14T09:21:41+05:30,2026-06-14T09:21:48+05:30,iNaturalist,,OUTSIDE_ACTIVE_ZONES
371475977,48872,Mangifera indica,Mangifera indica,Indian mango,species,18.5193083333,73.779795,2026-06-14,research,laranya1,https://www.inaturalist.org/observations/371475977,https://static.inaturalist.org/photos/678718706/square.jpg,2026-06-14T09:21:32+05:30,2026-06-14T10:01:51+05:30,iNaturalist,ZONE C,ACTIVE_ZONE
371475914,48872,Mangifera indica,Mangifera indica,Indian mango,species,18.5194383333,73.77977,2026-06-14,research,laranya1,https://www.inaturalist.org/observations/371475914,https://static.inaturalist.org/photos/678718565/square.jpg,2026-06-14T09:21:13+05:30,2026-06-14T10:01:55+05:30,iNaturalist,,OUTSIDE_ACTIVE_ZONES
371475880,369433,Ficus racemosa,Ficus racemosa,Cluster Fig,species,18.51944,73.7797883333,2026-06-14,research,laranya1,https://www.inaturalist.org/observations/371475880,https://static.inaturalist.org/photos/678718492/square.jpg,2026-06-14T09:21:03+05:30,2026-06-14T10:01:57+05:30,iNaturalist,,OUTSIDE_ACTIVE_ZONES
371475835,319135,Azadirachta indica,Azadirachta indica,Neem,species,18.5194483333,73.7798433333,2026-06-14,research,laranya1,https://www.inaturalist.org/observations/371475835,https://static.inaturalist.org/photos/678718411/square.jpg,2026-06-14T09:20:54+05:30,2026-06-14T10:01:59+05:30,iNaturalist,ZONE C,ACTIVE_ZONE
371475819,273713,Euphorbia tithymaloides,Euphorbia tithymaloides,Devil's Backbone,species,18.5194883333,73.7798366667,2026-06-14,needs_id,laranya1,https://www.inaturalist.org/observations/371475819,https://static.inaturalist.org/photos/678718357/square.jpg,2026-06-14T09:20:45+05:30,2026-06-14T09:20:52+05:30,iNaturalist,ZONE C,ACTIVE_ZONE
371475773,47126,Plantae,Plantae,Plants,kingdom,18.5194883333,73.7798666667,2026-06-14,needs_id,laranya1,https://www.inaturalist.org/observations/371475773,https://static.inaturalist.org/photos/678718227/square.jpg,2026-06-14T09:20:28+05:30,2026-06-14T10:02:45+05:30,iNaturalist,ZONE C,ACTIVE_ZONE
371475735,359078,Khaya senegalensis,Khaya senegalensis,African mahogany,species,18.51956,73.779955,2026-06-14,needs_id,laranya1,https://www.inaturalist.org/observations/371475735,https://static.inaturalist.org/photos/678718165/square.jpg,2026-06-14T09:20:19+05:30,2026-06-14T09:20:26+05:30,iNaturalist,,OUTSIDE_ACTIVE_ZONES
371475701,189179,Alstonia scholaris,Alstonia scholaris,White Cheesewood,species,18.5195833333,73.7799033333,2026-06-14,research,laranya1,https://www.inaturalist.org/observations/371475701,https://static.inaturalist.org/photos/678718078/square.jpg,2026-06-14T09:20:10+05:30,2026-06-14T10:02:51+05:30,iNaturalist,,OUTSIDE_ACTIVE_ZONES
371475661,717704,Ailanthus excelsa,Ailanthus excelsa,Indian tree of heaven,species,18.5193316667,73.7797183333,2026-06-14,needs_id,laranya1,https://www.inaturalist.org/observations/371475661,https://static.inaturalist.org/photos/678718013/square.jpg,2026-06-14T09:20:01+05:30,2026-06-14T09:20:08+05:30,iNaturalist,,OUTSIDE_ACTIVE_ZONES
371475618,48872,Mangifera indica,Mangifera indica,Indian mango,species,18.5191433333,73.77961,2026-06-14,research,laranya1,https://www.inaturalist.org/observations/371475618,https://static.inaturalist.org/photos/678717931/square.jpg,2026-06-14T09:19:52+05:30,2026-06-14T10:02:55+05:30,iNaturalist,,OUTSIDE_ACTIVE_ZONES
371475581,182136,Wrightia,Wrightia,Wrightia,genus,18.5189516667,73.7797616667,2026-06-14,needs_id,laranya1,https://www.inaturalist.org/observations/371475581,https://static.inaturalist.org/photos/678717849/square.jpg,2026-06-14T09:19:43+05:30,2026-06-14T09:19:50+05:30,iNaturalist,,OUTSIDE_ACTIVE_ZONES
371475499,131133,Prosopis cineraria,Prosopis cineraria,Indian mesquite,species,18.5189183333,73.779945,2026-06-14,needs_id,laranya1,https://www.inaturalist.org/observations/371475499,https://static.inaturalist.org/photos/678717711/square.jpg,2026-06-14T09:19:24+05:30,2026-06-14T09:19:32+05:30,iNaturalist,ZONE C,ACTIVE_ZONE
371474671,359078,Khaya senegalensis,Khaya senegalensis,African mahogany,species,18.51889692,73.77978715,2026-06-14,needs_id,sharvari7,https://www.inaturalist.org/observations/371474671,https://inaturalist-open-data.s3.amazonaws.com/photos/678715947/square.jpg,2026-06-14T09:15:30+05:30,2026-06-14T09:15:44+05:30,iNaturalist,,OUTSIDE_ACTIVE_ZONES
371474125,50333,Lantana camara,Lantana camara,common lantana,species,18.51952129,73.77987918,2026-06-14,needs_id,sharvari7,https://www.inaturalist.org/observations/371474125,https://inaturalist-open-data.s3.amazonaws.com/photos/678715155/square.jpg,2026-06-14T09:13:33+05:30,2026-06-14T09:13:51+05:30,iNaturalist,ZONE C,ACTIVE_ZONE
371473800,273713,Euphorbia tithymaloides,Euphorbia tithymaloides,Devil's Backbone,species,18.51959126,73.77985909,2026-06-14,needs_id,sharvari7,https://www.inaturalist.org/observations/371473800,https://inaturalist-open-data.s3.amazonaws.com/photos/678714390/square.jpg,2026-06-14T09:11:46+05:30,2026-06-14T09:11:58+05:30,iNaturalist,,OUTSIDE_ACTIVE_ZONES
371473459,1062678,Terminalia anogeissiana,Terminalia anogeissiana,Indian Sumac,species,18.51890943,73.77974156,2026-06-14,needs_id,nimisa,https://www.inaturalist.org/observations/371473459,https://inaturalist-open-data.s3.amazonaws.com/photos/678714914/square.jpg,2026-06-14T09:09:58+05:30,2026-06-14T09:13:10+05:30,iNaturalist,,OUTSIDE_ACTIVE_ZONES
371473277,1062678,Terminalia anogeissiana,Terminalia anogeissiana,Indian Sumac,species,18.51888243,73.77975411,2026-06-14,needs_id,nimisa,https://www.inaturalist.org/observations/371473277,https://inaturalist-open-data.s3.amazonaws.com/photos/678713486/square.jpg,2026-06-14T09:09:16+05:30,2026-06-14T09:09:42+05:30,iNaturalist,,OUTSIDE_ACTIVE_ZONES
371472839,319135,Azadirachta indica,Azadirachta indica,Neem,species,18.5195677,73.77990075,2026-06-14,research,sharvari7,https://www.inaturalist.org/observations/371472839,https://inaturalist-open-data.s3.amazonaws.com/photos/678712317/square.jpg,2026-06-14T09:06:53+05:30,2026-06-14T10:04:58+05:30,iNaturalist,,OUTSIDE_ACTIVE_ZONES
371472472,427116,Madhuca longifolia,Madhuca longifolia,Mahua,species,18.51966533,73.77976762,2026-06-14,needs_id,sharvari7,https://www.inaturalist.org/observations/371472472,https://inaturalist-open-data.s3.amazonaws.com/photos/678711561/square.jpg,2026-06-14T09:05:03+05:30,2026-06-14T09:05:26+05:30,iNaturalist,,OUTSIDE_ACTIVE_ZONES
371472005,62839,Delonix regia,Delonix regia,Flamboyant,species,18.51959288,73.77982274,2026-06-14,research,sharvari7,https://www.inaturalist.org/observations/371472005,https://inaturalist-open-data.s3.amazonaws.com/photos/678710669/square.jpg,2026-06-14T09:03:02+05:30,2026-06-14T10:05:06+05:30,iNaturalist,,OUTSIDE_ACTIVE_ZONES
371471812,127514,Ficus religiosa,Ficus religiosa,Sacred fig,species,18.51959627,73.77982421,2026-06-14,research,sharvari7,https://www.inaturalist.org/observations/371471812,https://inaturalist-open-data.s3.amazonaws.com/photos/678710251/square.jpg,2026-06-14T09:01:58+05:30,2026-06-20T13:02:40+05:30,iNaturalist,,OUTSIDE_ACTIVE_ZONES
371471607,48872,Mangifera indica,Mangifera indica,Indian mango,species,18.51948209,73.77976884,2026-06-14,needs_id,sharvari7,https://www.inaturalist.org/observations/371471607,https://inaturalist-open-data.s3.amazonaws.com/photos/678709641/square.jpg,2026-06-14T09:00:35+05:30,2026-06-14T09:01:00+05:30,iNaturalist,,OUTSIDE_ACTIVE_ZONES
371471259,127514,Ficus religiosa,Ficus religiosa,Sacred fig,species,18.5184503994,73.7804195657,2026-06-14,research,hiboum,https://www.inaturalist.org/observations/371471259,https://inaturalist-open-data.s3.amazonaws.com/photos/678709041/square.jpg,2026-06-14T08:59:24+05:30,2026-06-18T21:04:49+05:30,iNaturalist,ZONE A,ACTIVE_ZONE
371471129,319135,Azadirachta indica,Azadirachta indica,Neem,species,18.51845095,73.78019272,2026-06-14,research,hiboum,https://www.inaturalist.org/observations/371471129,https://inaturalist-open-data.s3.amazonaws.com/photos/678708881/square.jpg,2026-06-14T08:58:57+05:30,2026-06-14T10:06:05+05:30,iNaturalist,ZONE A,ACTIVE_ZONE
371470973,126566,Spathodea campanulata,Spathodea campanulata,African tulip tree,species,18.51844498,73.78019782,2026-06-14,research,hiboum,https://www.inaturalist.org/observations/371470973,https://inaturalist-open-data.s3.amazonaws.com/photos/678708570/square.jpg,2026-06-14T08:58:17+05:30,2026-06-14T10:06:10+05:30,iNaturalist,ZONE A,ACTIVE_ZONE
371470898,371396,Terminalia mantaly,Terminalia mantaly,Madagascar almond,species,18.5181566667,73.78027,2026-06-14,research,siddharth76950,https://www.inaturalist.org/observations/371470898,https://inaturalist-open-data.s3.amazonaws.com/photos/678708401/square.jpg,2026-06-14T08:57:49+05:30,2026-06-14T10:06:14+05:30,iNaturalist,,OUTSIDE_ACTIVE_ZONES
371470795,371396,Terminalia mantaly,Terminalia mantaly,Madagascar almond,species,18.5182216667,73.7802833333,2026-06-14,research,siddharth76950,https://www.inaturalist.org/observations/371470795,https://inaturalist-open-data.s3.amazonaws.com/photos/678708170/square.jpg,2026-06-14T08:57:13+05:30,2026-06-14T10:06:18+05:30,iNaturalist,,OUTSIDE_ACTIVE_ZONES
371470314,717704,Ailanthus excelsa,Ailanthus excelsa,Indian tree of heaven,species,18.51955515,73.77970324,2026-06-14,needs_id,nimisa,https://www.inaturalist.org/observations/371470314,https://inaturalist-open-data.s3.amazonaws.com/photos/678708274/square.jpg,2026-06-14T08:54:38+05:30,2026-06-14T08:57:35+05:30,iNaturalist,,OUTSIDE_ACTIVE_ZONES
371469616,8031,Corvus splendens,Corvus splendens,House Crow,species,18.51938359,73.77974739,2026-06-14,research,sharvari7,https://www.inaturalist.org/observations/371469616,https://inaturalist-open-data.s3.amazonaws.com/photos/678705591/square.jpg,2026-06-14T08:51:03+05:30,2026-06-14T10:06:53+05:30,iNaturalist,,OUTSIDE_ACTIVE_ZONES
371469332,319135,Azadirachta indica,Azadirachta indica,Neem,species,18.5193976,73.77970713,2026-06-14,research,sharvari7,https://www.inaturalist.org/observations/371469332,https://inaturalist-open-data.s3.amazonaws.com/photos/678704848/square.jpg,2026-06-14T08:49:19+05:30,2026-06-14T10:06:57+05:30,iNaturalist,,OUTSIDE_ACTIVE_ZONES
371468393,319135,Azadirachta indica,Azadirachta indica,Neem,species,18.51919117,73.77965701,2026-06-14,research,sharvari7,https://www.inaturalist.org/observations/371468393,https://inaturalist-open-data.s3.amazonaws.com/photos/678703210/square.jpg,2026-06-14T08:44:56+05:30,2026-06-14T10:06:59+05:30,iNaturalist,,OUTSIDE_ACTIVE_ZONES
371468233,427116,Madhuca longifolia,Madhuca longifolia,Mahua,species,18.51917506,73.77953872,2026-06-14,needs_id,sharvari7,https://www.inaturalist.org/observations/371468233,https://inaturalist-open-data.s3.amazonaws.com/photos/678702822/square.jpg,2026-06-14T08:43:54+05:30,2026-06-14T08:44:03+05:30,iNaturalist,,OUTSIDE_ACTIVE_ZONES
371468102,717704,Ailanthus excelsa,Ailanthus excelsa,Indian tree of heaven,species,18.51926957,73.77972986,2026-06-14,needs_id,nimisa,https://www.inaturalist.org/observations/371468102,https://inaturalist-open-data.s3.amazonaws.com/photos/678702599/square.jpg,2026-06-14T08:43:11+05:30,2026-06-14T08:43:28+05:30,iNaturalist,,OUTSIDE_ACTIVE_ZONES
371467906,127514,Ficus religiosa,Ficus religiosa,Sacred fig,species,18.51917828,73.77966534,2026-06-14,research,sharvari7,https://www.inaturalist.org/observations/371467906,https://inaturalist-open-data.s3.amazonaws.com/photos/678702396/square.jpg,2026-06-14T08:42:39+05:30,2026-06-14T10:07:06+05:30,iNaturalist,,OUTSIDE_ACTIVE_ZONES
371467124,127514,Ficus religiosa,Ficus religiosa,Sacred fig,species,18.5190892,73.77973632,2026-06-14,research,sharvari7,https://www.inaturalist.org/observations/371467124,https://inaturalist-open-data.s3.amazonaws.com/photos/678700918/square.jpg,2026-06-14T08:38:49+05:30,2026-06-14T10:07:20+05:30,iNaturalist,,OUTSIDE_ACTIVE_ZONES
371466797,541492,Ficus arnottiana,Ficus arnottiana,Indian Rock Fig,species,18.51904021,73.77974824,2026-06-14,needs_id,nimisa,https://www.inaturalist.org/observations/371466797,https://inaturalist-open-data.s3.amazonaws.com/photos/678700422/square.jpg,2026-06-14T08:37:24+05:30,2026-06-14T08:37:34+05:30,iNaturalist,,OUTSIDE_ACTIVE_ZONES
371466578,182136,Wrightia,Wrightia,Wrightia,genus,18.51893975,73.77973841,2026-06-14,needs_id,sharvari7,https://www.inaturalist.org/observations/371466578,https://inaturalist-open-data.s3.amazonaws.com/photos/678700041/square.jpg,2026-06-14T08:36:30+05:30,2026-06-14T08:36:52+05:30,iNaturalist,,OUTSIDE_ACTIVE_ZONES
371466080,359078,Khaya senegalensis,Khaya senegalensis,African mahogany,species,18.518335,73.7802166667,2026-06-14,needs_id,siddharth76950,https://www.inaturalist.org/observations/371466080,https://inaturalist-open-data.s3.amazonaws.com/photos/678698957/square.jpg,2026-06-14T08:34:26+05:30,2026-06-14T08:34:33+05:30,iNaturalist,,OUTSIDE_ACTIVE_ZONES
371465832,359078,Khaya senegalensis,Khaya senegalensis,African mahogany,species,18.5183883333,73.7801983333,2026-06-14,needs_id,siddharth76950,https://www.inaturalist.org/observations/371465832,https://inaturalist-open-data.s3.amazonaws.com/photos/678698470/square.jpg,2026-06-14T08:33:19+05:30,2026-06-14T08:33:59+05:30,iNaturalist,,OUTSIDE_ACTIVE_ZONES
371465720,332889,Peltophorum pterocarpum,Peltophorum pterocarpum,Yellow Flame Tree,species,18.51883528,73.77981598,2026-06-14,research,sharvari7,https://www.inaturalist.org/observations/371465720,https://inaturalist-open-data.s3.amazonaws.com/photos/678698242/square.jpg,2026-06-14T08:32:46+05:30,2026-06-14T10:07:34+05:30,iNaturalist,,OUTSIDE_ACTIVE_ZONES
371465203,189339,Aphanamixis polystachya,Aphanamixis polystachya,pithraj tree,species,18.51899984,73.78011753,2026-06-14,needs_id,nimisa,https://www.inaturalist.org/observations/371465203,https://inaturalist-open-data.s3.amazonaws.com/photos/678697386/square.jpg,2026-06-14T08:30:39+05:30,2026-06-14T08:30:50+05:30,iNaturalist,ZONE C,ACTIVE_ZONE
371464851,47124,Magnoliopsida,Magnoliopsida,Dicots,class,18.5187459,73.77998646,2026-06-14,needs_id,nimisa,https://www.inaturalist.org/observations/371464851,https://inaturalist-open-data.s3.amazonaws.com/photos/678696691/square.jpg,2026-06-14T08:29:05+05:30,2026-06-14T10:08:08+05:30,iNaturalist,ZONE B,ACTIVE_ZONE
371464417,155941,Swietenia,Swietenia,Mahogany,genus,18.5187788,73.77991318,2026-06-14,needs_id,sharvari7,https://www.inaturalist.org/observations/371464417,https://inaturalist-open-data.s3.amazonaws.com/photos/678695905/square.jpg,2026-06-14T08:27:24+05:30,2026-06-14T08:27:32+05:30,iNaturalist,ZONE B,ACTIVE_ZONE
371463958,319135,Azadirachta indica,Azadirachta indica,Neem,species,18.51848137,73.78018472,2026-06-14,research,hiboum,https://www.inaturalist.org/observations/371463958,https://inaturalist-open-data.s3.amazonaws.com/photos/678695142/square.jpg,2026-06-14T08:25:32+05:30,2026-06-14T13:56:05+05:30,iNaturalist,ZONE A,ACTIVE_ZONE
371463821,334914,Neolamarckia cadamba,Neolamarckia cadamba,Burflower-tree,species,18.518485,73.7801466667,2026-06-14,research,siddharth76950,https://www.inaturalist.org/observations/371463821,https://inaturalist-open-data.s3.amazonaws.com/photos/678694838/square.jpg,2026-06-14T08:24:46+05:30,2026-06-14T13:56:07+05:30,iNaturalist,,OUTSIDE_ACTIVE_ZONES
371463771,319135,Azadirachta indica,Azadirachta indica,Neem,species,18.5184816667,73.7800966667,2026-06-14,research,siddharth76950,https://www.inaturalist.org/observations/371463771,https://inaturalist-open-data.s3.amazonaws.com/photos/678694723/square.jpg,2026-06-14T08:24:28+05:30,2026-06-14T13:56:09+05:30,iNaturalist,,OUTSIDE_ACTIVE_ZONES
371463570,165529,Moringa oleifera,Moringa oleifera,Moringa tree,species,18.51844444,73.7801458,2026-06-14,needs_id,hiboum,https://www.inaturalist.org/observations/371463570,https://inaturalist-open-data.s3.amazonaws.com/photos/678694446/square.jpg,2026-06-14T08:23:47+05:30,2026-06-18T23:35:38+05:30,iNaturalist,,OUTSIDE_ACTIVE_ZONES
371463213,319135,Azadirachta indica,Azadirachta indica,Neem,species,18.51851347,73.78016841,2026-06-14,research,hiboum,https://www.inaturalist.org/observations/371463213,https://inaturalist-open-data.s3.amazonaws.com/photos/678693662/square.jpg,2026-06-14T08:21:54+05:30,2026-06-14T13:56:15+05:30,iNaturalist,ZONE A,ACTIVE_ZONE
371462666,50333,Lantana camara,Lantana camara,common lantana,species,18.51870493,73.78001891,2026-06-14,needs_id,sharvari7,https://www.inaturalist.org/observations/371462666,https://inaturalist-open-data.s3.amazonaws.com/photos/678692421/square.jpg,2026-06-14T08:19:14+05:30,2026-06-14T08:19:22+05:30,iNaturalist,ZONE B,ACTIVE_ZONE
371462438,334909,Millingtonia hortensis,Millingtonia hortensis,Indian Cork Tree,species,18.51858091,73.78013004,2026-06-14,research,hiboum,https://www.inaturalist.org/observations/371462438,https://inaturalist-open-data.s3.amazonaws.com/photos/678691864/square.jpg,2026-06-14T08:18:08+05:30,2026-06-14T13:56:22+05:30,iNaturalist,ZONE A,ACTIVE_ZONE
371462007,49042,Ziziphus,Ziziphus,Jujubes,genus,18.51853878,73.78017153,2026-06-14,needs_id,hiboum,https://www.inaturalist.org/observations/371462007,https://inaturalist-open-data.s3.amazonaws.com/photos/678691265/square.jpg,2026-06-14T08:16:11+05:30,2026-06-14T08:17:09+05:30,iNaturalist,ZONE A,ACTIVE_ZONE
371461591,334909,Millingtonia hortensis,Millingtonia hortensis,Indian Cork Tree,species,18.5182871,73.7807521,2026-06-14,research,hiboum,https://www.inaturalist.org/observations/371461591,https://inaturalist-open-data.s3.amazonaws.com/photos/678689998/square.jpg,2026-06-14T08:14:09+05:30,2026-06-14T13:56:32+05:30,iNaturalist,,OUTSIDE_ACTIVE_ZONES
371461516,537701,Terminalia elliptica,Terminalia elliptica,Indian Laurel,species,18.51879045,73.78008745,2026-06-14,needs_id,nimisa,https://www.inaturalist.org/observations/371461516,https://inaturalist-open-data.s3.amazonaws.com/photos/678689947/square.jpg,2026-06-14T08:13:44+05:30,2026-06-14T08:14:10+05:30,iNaturalist,ZONE B,ACTIVE_ZONE
371461437,334909,Millingtonia hortensis,Millingtonia hortensis,Indian Cork Tree,species,18.51855009,73.78020764,2026-06-14,research,hiboum,https://www.inaturalist.org/observations/371461437,https://inaturalist-open-data.s3.amazonaws.com/photos/678689657/square.jpg,2026-06-14T08:13:19+05:30,2026-06-14T13:56:35+05:30,iNaturalist,ZONE A,ACTIVE_ZONE
371461323,50334,Lantana,Lantana,Lantanas,genus,18.51855974,73.77995177,2026-06-14,needs_id,nimisa,https://www.inaturalist.org/observations/371461323,https://inaturalist-open-data.s3.amazonaws.com/photos/678689465/square.jpg,2026-06-14T08:12:39+05:30,2026-06-14T08:12:51+05:30,iNaturalist,,OUTSIDE_ACTIVE_ZONES
371461221,319135,Azadirachta indica,Azadirachta indica,Neem,species,18.51862185,73.78018953,2026-06-14,research,sharvari7,https://www.inaturalist.org/observations/371461221,https://inaturalist-open-data.s3.amazonaws.com/photos/678689391/square.jpg,2026-06-14T08:12:17+05:30,2026-06-17T18:42:43+05:30,iNaturalist,ZONE A,ACTIVE_ZONE
357770751,145193,Cinnyris asiaticus,Cinnyris asiaticus,Purple Sunbird,species,18.5196049997,73.7802089997,2026-05-03,research,jahnavee,https://www.inaturalist.org/observations/357770751,https://inaturalist-open-data.s3.amazonaws.com/photos/652580793/square.jpg,2026-05-03T08:39:48+05:30,2026-06-29T08:46:40+05:30,iNaturalist,,OUTSIDE_ACTIVE_ZONES
357767639,48112,Mantodea,Mantodea,Mantises,order,18.5188698,73.7796701,2026-05-03,needs_id,jahnavee,https://www.inaturalist.org/observations/357767639,https://inaturalist-open-data.s3.amazonaws.com/photos/652574213/square.jpg,2026-05-03T08:25:52+05:30,2026-06-29T08:46:40+05:30,iNaturalist,,OUTSIDE_ACTIVE_ZONES
357767572,205719,Anthracinae,Anthracinae,Anthracinae,subfamily,18.5189993997,73.7796902,2026-05-03,needs_id,jahnavee,https://www.inaturalist.org/observations/357767572,https://inaturalist-open-data.s3.amazonaws.com/photos/652574070/square.jpg,2026-05-03T08:25:35+05:30,2026-06-29T08:46:40+05:30,iNaturalist,,OUTSIDE_ACTIVE_ZONES
357760021,203868,Chiasmia emersaria,Chiasmia emersaria,Chiasmia emersaria,species,18.5181365997,73.7803057997,2026-05-03,needs_id,jahnavee,https://www.inaturalist.org/observations/357760021,https://inaturalist-open-data.s3.amazonaws.com/photos/652559777/square.jpg,2026-05-03T07:55:47+05:30,2026-08-10T20:37:03+05:30,iNaturalist,,OUTSIDE_ACTIVE_ZONES
187339295,311355,Vigna aconitifolia,Vigna aconitifolia,Moth Bean,species,18.5187930641,73.7804719233,2023-10-10,research,shiwalee,https://www.inaturalist.org/observations/187339295,https://inaturalist-open-data.s3.amazonaws.com/photos/327594102/square.jpeg,2023-10-13T12:26:30+05:30,2025-06-01T05:47:13+05:30,iNaturalist,,OUTSIDE_ACTIVE_ZONES
187138790,370118,Crotalaria medicaginea,Crotalaria medicaginea,Trefoil Rattlepod,species,18.5186302911,73.780922535,2023-10-09,needs_id,shiwalee,https://www.inaturalist.org/observations/187138790,https://inaturalist-open-data.s3.amazonaws.com/photos/327201741/square.jpeg,2023-10-11T22:41:42+05:30,2023-10-11T22:44:25+05:30,iNaturalist,,OUTSIDE_ACTIVE_ZONES
187136891,1020046,Vigna indica,Vigna indica,Indian Bean,species,18.5190575698,73.7805792116,2023-10-09,needs_id,shiwalee,https://www.inaturalist.org/observations/187136891,https://inaturalist-open-data.s3.amazonaws.com/photos/327198005/square.jpeg,2023-10-11T22:26:03+05:30,2023-10-11T22:26:47+05:30,iNaturalist,,OUTSIDE_ACTIVE_ZONES
178383943,319910,Cheilomenes sexmaculata,Cheilomenes sexmaculata,Six-spotted Zigzag Ladybird,species,18.5188744505,73.7803860927,2023-08-09,research,shiwalee,https://www.inaturalist.org/observations/178383943,https://inaturalist-open-data.s3.amazonaws.com/photos/310396480/square.jpeg,2023-08-14T21:31:38+05:30,2024-10-26T02:58:15+05:30,iNaturalist,,OUTSIDE_ACTIVE_ZONES
177997357,125596,Leptotes plinius,Leptotes plinius,Zebra Blue,species,18.519018419,73.7801752122,2023-08-11,research,shiwalee,https://www.inaturalist.org/observations/177997357,https://inaturalist-open-data.s3.amazonaws.com/photos/309656144/square.jpeg,2023-08-12T20:14:13+05:30,2023-08-13T13:11:35+05:30,iNaturalist,,OUTSIDE_ACTIVE_ZONES
177995924,143076,Catopsilia pyranthe,Catopsilia pyranthe,Mottled Emigrant,species,18.5187239866,73.7801027214,2023-08-11,research,shiwalee,https://www.inaturalist.org/observations/177995924,https://inaturalist-open-data.s3.amazonaws.com/photos/309653399/square.jpeg,2023-08-12T20:05:23+05:30,2023-08-13T13:11:40+05:30,iNaturalist,ZONE B,ACTIVE_ZONE
177692639,904148,Melanocenchris jacquemontii,Melanocenchris jacquemontii,Melanocenchris jacquemontii,species,18.5188947971,73.7805148381,2023-08-10,research,shiwalee,https://www.inaturalist.org/observations/177692639,https://inaturalist-open-data.s3.amazonaws.com/photos/309083202/square.jpeg,2023-08-10T22:38:12+05:30,2023-08-10T23:06:31+05:30,iNaturalist,,OUTSIDE_ACTIVE_ZONES
176095157,169424,Stylosanthes hamata,Stylosanthes hamata,Caribbean Stylo,species,18.518779519,73.779477963,2023-07-28,research,shiwalee,https://www.inaturalist.org/observations/176095157,https://inaturalist-open-data.s3.amazonaws.com/photos/306108244/square.jpeg,2023-08-01T18:15:52+05:30,2023-08-02T22:17:13+05:30,iNaturalist,,OUTSIDE_ACTIVE_ZONES
110258313,121993,Lampides boeticus,Lampides boeticus,Pea Blue,species,18.5190321847,73.7803974375,2022-03-26,research,rajiv238,https://www.inaturalist.org/observations/110258313,https://static.inaturalist.org/photos/185968709/square.jpeg,2022-04-03T11:05:25+05:30,2022-04-03T12:52:27+05:30,iNaturalist,,OUTSIDE_ACTIVE_ZONES
